<?xml version="1.0" encoding="UTF-8" standalone="yes"?>
    <addon id="rep.testbankai" name="Bankai Test Repo" version="0.0.1" provider-name="toshiro">
        <requires>
            <import addon="xbmc.addon" version="12.0.0"/>
        </requires>
        <extension point="xbmc.addon.repository" name="Test Bankai repo">
            <info compressed="false">https://bitbucket.org/kdevtest/rep.testbankai/raw/placeholder/__zips/addons.xml</info>
            <checksum>https://bitbucket.org/kdevtest/rep.testbankai/raw/placeholder/__zips/addons.xml.md5</checksum>
            <datadir zip="true">https://bitbucket.org/kdevtest/rep.testbankai/raw/placeholder/__zips/</datadir>
            <hashes>false</hashes>
            <dir>
                <info compressed="false">https://raw.githubusercontent.com/teamuniversal/scrapers/master/_modules4all/zips/addons.xml</info>
                <checksum>https://raw.githubusercontent.com/teamuniversal/scrapers/master/_modules4all/zips/addons.xml.md5</checksum>
                <datadir zip="true">https://raw.githubusercontent.com/teamuniversal/scrapers/master/_modules4all/zips/</datadir>
            </dir>
            <dir>
                <info compressed="false">https://raw.githubusercontent.com/jsergio123/zips/master/addons.xml</info>
                <checksum>https://raw.githubusercontent.com/jsergio123/zips/master/addons.xml.md5</checksum>
                <datadir zip="true">https://raw.githubusercontent.com/jsergio123/zips/master/</datadir>
            </dir>
            <dir>
                <info compressed="false">https://raw.githubusercontent.com/totalrevolution/python-koding/master/zips/addons.xml</info>
                <checksum>https://raw.githubusercontent.com/totalrevolution/python-koding/master/zips/addons.xml.md5</checksum>
                <datadir zip="true">https://raw.githubusercontent.com/totalrevolution/python-koding/master/zips/</datadir>
            </dir>
			<dir>
				<info compressed="false">https://raw.githubusercontent.com/teamuniversal/scrapers/master/_modules4all/zips/addons.xml</info>
				<checksum>https://raw.githubusercontent.com/teamuniversal/scrapers/master/_modules4all/zips/addons.xml.md5</checksum>
				<datadir zip="true">https://raw.githubusercontent.com/teamuniversal/scrapers/master/_modules4all/zips/</datadir>
				<hashes>false</hashes>
			</dir>
        </extension>
        <extension point="xbmc.addon.metadata">
            <summary>Official Repository Test Bankai</summary>
            <description>Testing Bankai</description>
            <platform>all</platform>
            <genre>movies,usa</genre>
        </extension>
    </addon>