<?xml version="1.0" encoding="UTF-8" standalone="yes"?>
    <addon id="repository.toshiro_bb" name="[COLOR yellow]Toshiro Repo[/COLOR]" version="0.0.1" provider-name="unknown">
        <requires>
            <import addon="xbmc.addon" version="12.0.0"/>
        </requires>
        <extension point="xbmc.addon.repository" name="[COLOR yellow]Toshiro Repo[/COLOR]">
            <info compressed="false">https://bitbucket.org/kdevtest/repository.toshiro_bb/raw/placeholder/zips/addons.xml</info>
            <checksum>https://bitbucket.org/kdevtest/repository.toshiro_bb/raw/placeholder/zips/addons.xml.md5</checksum>
            <datadir zip="true">https://bitbucket.org/kdevtest/repository.toshiro_bb/raw/placeholder/zips/</datadir>
            <hashes>false</hashes>
            <dir>
                <info compressed="false">https://raw.githubusercontent.com/teamuniversal/scrapers/master/_modules4all/zips/addons.xml</info>
                <checksum>https://raw.githubusercontent.com/teamuniversal/scrapers/master/_modules4all/zips/addons.xml.md5</checksum>
                <datadir zip="true">https://raw.githubusercontent.com/teamuniversal/scrapers/master/_modules4all/zips/</datadir>
            </dir>
            <dir>
                <info compressed="false">https://raw.githubusercontent.com/marcelveldt/repository.marcelveldt/master/addons.xml</info>
                <checksum>https://raw.githubusercontent.com/marcelveldt/repository.marcelveldt/master/addons.xml.md5</checksum>
                <datadir zip="true">https://raw.githubusercontent.com/marcelveldt/repository.marcelveldt/master/</datadir>
            </dir>
            <dir>
                <info compressed="false">https://raw.githubusercontent.com/jsergio123/zips/master/addons.xml</info>
                <checksum>https://raw.githubusercontent.com/jsergio123/zips/master/addons.xml.md5</checksum>
                <datadir zip="true">https://raw.githubusercontent.com/jsergio123/zips/master/</datadir>
            </dir>
            <dir>
                <info compressed="false">https://raw.githubusercontent.com/totalrevolution/python-koding/master/zips/addons.xml</info>
                <checksum>https://raw.githubusercontent.com/totalrevolution/python-koding/master/zips/addons.xml.md5</checksum>
                <datadir zip="true">https://raw.githubusercontent.com/totalrevolution/python-koding/master/zips/</datadir>
            </dir>
        </extension>
        <extension point="xbmc.addon.metadata">
            <summary>The toshiro repo</summary>
            <description>The toshiro repo</description>
            <platform>all</platform>
            <genre>movies,usa</genre>
        </extension>
    </addon>